{
  "nominal":{
    "0":0.05,
    "1":0.1,
    "2":0.15,
    "3":0.2,
    "4":0.25,
    "5":0.3,
    "6":0.35,
    "7":0.4,
    "8":0.45,
    "9":0.5,
    "10":0.55,
    "11":0.6,
    "12":0.65,
    "13":0.7,
    "14":0.75,
    "15":0.8,
    "16":0.85,
    "17":0.9,
    "18":0.95
  },
  "empirical":{
    "0":0.0545774648,
    "1":0.0915492958,
    "2":0.1197183099,
    "3":0.1778169014,
    "4":0.2253521127,
    "5":0.2570422535,
    "6":0.3327464789,
    "7":0.3961267606,
    "8":0.4348591549,
    "9":0.5158450704,
    "10":0.5651408451,
    "11":0.6161971831,
    "12":0.6866197183,
    "13":0.764084507,
    "14":0.8063380282,
    "15":0.860915493,
    "16":0.9066901408,
    "17":0.9172535211,
    "18":0.9524647887
  }
}