{
  "nominal":{
    "q10":0.1,
    "q50":0.5,
    "q90":0.9
  },
  "empirical":{
    "q10":0.0915492958,
    "q50":0.5158450704,
    "q90":0.9172535211
  }
}