{
  "q5": {
    "mae": 3.937656429474077,
    "rmse": 6.235550502427164
  },
  "q10": {
    "mae": 3.253196821044283,
    "rmse": 5.498510859401965
  },
  "q15": {
    "mae": 3.1072054604373784,
    "rmse": 5.325953303092346
  },
  "q20": {
    "mae": 3.0990992695074397,
    "rmse": 5.253530499563796
  },
  "q25": {
    "mae": 3.038261358359222,
    "rmse": 5.2304018219850095
  },
  "q30": {
    "mae": 3.056794288213678,
    "rmse": 5.1403430889873425
  },
  "q35": {
    "mae": 2.962832623526021,
    "rmse": 5.023529728142101
  },
  "q40": {
    "mae": 2.9941290749025433,
    "rmse": 5.091996268735893
  },
  "q45": {
    "mae": 3.0662185048369777,
    "rmse": 5.052192173599756
  },
  "q50": {
    "mae": 3.1723481322490006,
    "rmse": 5.210623935893048
  },
  "q55": {
    "mae": 3.2126712188630493,
    "rmse": 5.200701597755275
  },
  "q60": {
    "mae": 3.446123984872174,
    "rmse": 5.454920017877855
  },
  "q65": {
    "mae": 3.703296453374935,
    "rmse": 5.692191215700141
  },
  "q70": {
    "mae": 3.819655492067318,
    "rmse": 5.8093599763556245
  },
  "q75": {
    "mae": 3.9742126702848757,
    "rmse": 5.980932579857376
  },
  "q80": {
    "mae": 4.34141804851936,
    "rmse": 6.471542170197988
  },
  "q85": {
    "mae": 4.690486511273976,
    "rmse": 6.83518144187359
  },
  "q90": {
    "mae": 5.31995030483455,
    "rmse": 7.535308153689766
  },
  "q95": {
    "mae": 6.251744921760741,
    "rmse": 8.626076453419378
  }
}