{
  "mae": 4.6486457525166855,
  "rmse": 8.861453297878231,
  "n_features": 20
}