{
  "q10": {
    "mae": 4.985534553124213,
    "rmse": 9.52453960233738
  },
  "q50": {
    "mae": 4.726075680960193,
    "rmse": 8.940073603040949
  },
  "q90": {
    "mae": 6.5612964806710945,
    "rmse": 10.786274392138823
  }
}